9992.27,10064.09,71.82,02/19/2020 10:00:15
9993.97,10060.67,66.7,02/19/2020 10:01:23
9988.47,10068.89,80.42,02/19/2020 10:02:22
9988.47,10066.89,78.42,02/19/2020 10:03:28
9988.47,10062.26,73.79,02/19/2020 10:04:30
9988.47,10065.31,76.84,02/19/2020 10:05:40
9988.47,10070.09,81.62,02/19/2020 10:06:43
9988.47,10070.36,81.89,02/19/2020 10:07:41
9988.47,10066.58,78.11,02/19/2020 10:08:47
9988.47,10069.14,80.67,02/19/2020 10:09:49
9988.47,10065.28,76.82,02/19/2020 10:10:49
9988.47,10064.47,76.0,02/19/2020 10:11:52
9988.47,10054.93,66.46,02/19/2020 10:12:50
9988.47,10052.88,64.41,02/19/2020 10:13:54
9988.47,10043.1,54.63,02/19/2020 10:14:56
9988.47,10042.62,54.16,02/19/2020 10:16:00
9988.47,10056.44,67.98,02/19/2020 10:17:03
9988.47,10054.44,65.98,02/19/2020 10:18:02
9988.47,10050.99,62.52,02/19/2020 10:19:17
9988.47,10059.85,71.38,02/19/2020 10:20:15
9988.47,10060.06,71.59,02/19/2020 10:21:19
9988.47,10070.31,81.84,02/19/2020 10:22:23
9988.47,10071.91,83.44,02/19/2020 10:23:24
9988.47,10078.02,89.55,02/19/2020 10:24:26
9988.47,10084.22,95.75,02/19/2020 10:25:27
9988.47,10085.48,97.01,02/19/2020 10:26:34
9988.47,10085.59,97.12,02/19/2020 10:27:37
9988.47,10076.52,88.05,02/19/2020 10:28:38
9988.47,10073.9,85.43,02/19/2020 10:29:45
9988.47,10065.41,76.94,02/19/2020 10:30:52
9988.47,10068.49,80.02,02/19/2020 10:32:01
9988.47,10064.47,76.0,02/19/2020 10:33:08
9988.47,10064.87,76.41,02/19/2020 10:34:11
9988.47,10065.98,77.52,02/19/2020 10:35:16
9988.47,10067.18,78.71,02/19/2020 10:36:17
9988.47,10069.17,80.7,02/19/2020 10:37:23
9988.47,10068.79,80.32,02/19/2020 10:38:26
9988.47,10063.99,75.52,02/19/2020 10:39:34
9988.47,10058.14,69.67,02/19/2020 10:40:36
9988.47,10059.75,71.28,02/19/2020 10:41:37
9988.47,10058.39,69.92,02/19/2020 10:42:39
9988.47,10058.06,69.59,02/19/2020 10:43:43
9988.47,10055.44,66.97,02/19/2020 10:44:47
9988.47,10057.48,69.01,02/19/2020 10:45:56
9988.47,10056.31,67.84,02/19/2020 10:47:13
9988.47,10055.43,66.96,02/19/2020 10:48:21
9988.47,10058.65,70.18,02/19/2020 10:49:26
9988.47,10056.17,67.7,02/19/2020 10:50:35
9988.47,10056.11,67.64,02/19/2020 10:51:47
9988.47,10060.79,72.32,02/19/2020 10:52:59
9988.47,10061.56,73.09,02/19/2020 10:54:09
9988.47,10064.72,76.25,02/19/2020 10:55:23
9988.47,10064.94,76.47,02/19/2020 10:56:30
9988.47,10065.68,77.21,02/19/2020 10:57:42
9988.47,10070.01,81.54,02/19/2020 10:58:51
9988.47,10070.22,81.75,02/19/2020 11:00:01
9988.47,10072.86,84.39,02/19/2020 11:01:10
9988.47,10079.86,91.39,02/19/2020 11:02:19
9988.47,10086.46,97.99,02/19/2020 11:03:27
9988.47,10085.79,97.32,02/19/2020 11:04:30
9988.47,10086.02,97.55,02/19/2020 11:05:36
9988.47,10088.81,100.34,02/19/2020 11:06:48
9988.47,10089.36,100.89,02/19/2020 11:07:59
9988.47,10090.5,102.03,02/19/2020 11:09:09
9988.47,10087.77,99.3,02/19/2020 11:10:23
9988.47,10092.66,104.19,02/19/2020 11:11:37
9988.47,10094.0,105.53,02/19/2020 11:12:43
9988.47,10095.64,107.17,02/19/2020 11:13:51
9988.47,10096.96,108.49,02/19/2020 11:14:56
9988.47,10096.8,108.33,02/19/2020 11:16:03
9988.47,10100.99,112.52,02/19/2020 11:17:19
9988.47,10102.61,114.14,02/19/2020 11:18:31
9988.47,10103.08,114.61,02/19/2020 11:19:42
9988.47,10106.21,117.74,02/19/2020 11:20:41
9988.47,10105.14,116.67,02/19/2020 11:21:45
9988.47,10100.21,111.74,02/19/2020 11:22:42
9988.47,10102.05,113.58,02/19/2020 11:23:45
9988.47,10101.55,113.08,02/19/2020 11:24:44
9988.47,10103.48,115.01,02/19/2020 11:25:47
9988.47,10101.94,113.47,02/19/2020 11:26:50
9988.47,10103.84,115.38,02/19/2020 11:27:49
9988.47,10108.07,119.6,02/19/2020 11:28:51
9988.47,10108.17,119.7,02/19/2020 11:29:49
9988.47,10110.26,121.79,02/19/2020 11:30:56
9988.47,10113.14,124.67,02/19/2020 11:32:01
9988.47,10117.72,129.25,02/19/2020 11:33:01
9988.47,10117.88,129.41,02/19/2020 11:34:04
9988.47,10116.0,127.54,02/19/2020 11:35:04
9988.47,10116.81,128.34,02/19/2020 11:36:06
9988.47,10115.51,127.04,02/19/2020 11:37:06
9988.47,10118.55,130.08,02/19/2020 11:38:11
9988.47,10120.63,132.16,02/19/2020 11:39:15
9988.47,10121.65,133.18,02/19/2020 11:40:22
9988.47,10118.69,130.22,02/19/2020 11:41:29
9988.47,10117.72,129.25,02/19/2020 11:42:30
9988.47,10116.23,127.76,02/19/2020 11:43:33
9988.47,10114.15,125.68,02/19/2020 11:44:38
9988.47,10107.21,118.74,02/19/2020 11:45:43
9988.47,10109.78,121.31,02/19/2020 11:46:47
9988.47,10103.25,114.78,02/19/2020 11:47:48
9988.47,10103.99,115.52,02/19/2020 11:48:51
9988.47,10102.86,114.4,02/19/2020 11:49:59
9988.47,10111.13,122.66,02/19/2020 11:51:12
9988.47,10113.71,125.24,02/19/2020 11:52:22
9988.47,10114.6,126.13,02/19/2020 11:53:29
9988.47,10112.14,123.67,02/19/2020 11:54:30
9988.47,10108.35,119.88,02/19/2020 11:55:32
9988.47,10109.4,120.93,02/19/2020 11:56:39
9988.47,10110.88,122.41,02/19/2020 11:57:52
9988.47,10108.4,119.94,02/19/2020 11:58:55
9988.47,10109.0,120.53,02/19/2020 12:00:02
9988.47,10109.57,121.1,02/19/2020 12:01:11
9988.47,10109.41,120.94,02/19/2020 12:02:24
9988.47,10109.0,120.53,02/19/2020 12:03:30
9988.47,10108.04,119.57,02/19/2020 12:04:41
9988.47,10104.62,116.15,02/19/2020 12:05:54
9988.47,10107.98,119.51,02/19/2020 12:07:01
9988.47,10106.75,118.28,02/19/2020 12:08:10
9988.47,10106.41,117.94,02/19/2020 12:09:23
9988.47,10107.79,119.33,02/19/2020 12:10:34
9988.47,10107.78,119.31,02/19/2020 12:11:40
9988.47,10111.39,122.92,02/19/2020 12:12:47
9988.47,10109.86,121.39,02/19/2020 12:13:56
9988.47,10110.08,121.61,02/19/2020 12:15:06
9988.47,10108.58,120.12,02/19/2020 12:16:12
9988.47,10109.74,121.28,02/19/2020 12:17:18
9988.47,10113.85,125.38,02/19/2020 12:18:27
9988.47,10112.81,124.34,02/19/2020 12:19:30
9988.47,10113.29,124.82,02/19/2020 12:20:36
9988.47,10114.53,126.07,02/19/2020 12:21:43
9988.47,10114.8,126.33,02/19/2020 12:22:52
9988.47,10112.02,123.55,02/19/2020 12:23:57
9988.47,10113.25,124.78,02/19/2020 12:24:59
9988.47,10109.66,121.19,02/19/2020 12:26:10
9988.47,10107.61,119.14,02/19/2020 12:27:17
9988.47,10105.24,116.77,02/19/2020 12:28:27
9988.47,10106.4,117.93,02/19/2020 12:29:35
9988.47,10107.02,118.55,02/19/2020 12:30:43
9988.47,10110.24,121.77,02/19/2020 12:31:45
9988.47,10111.22,122.75,02/19/2020 12:32:49
9988.47,10111.12,122.65,02/19/2020 12:33:55
9988.47,10110.14,121.68,02/19/2020 12:34:53
9988.47,10110.03,121.57,02/19/2020 12:36:00
9988.47,10109.54,121.07,02/19/2020 12:37:11
9988.47,10106.29,117.82,02/19/2020 12:38:23
9988.47,10099.8,111.33,02/19/2020 12:39:37
9988.47,10097.87,109.4,02/19/2020 12:40:45
9988.47,10094.15,105.69,02/19/2020 12:41:49
9988.47,10091.18,102.71,02/19/2020 12:42:53
9988.47,10091.05,102.58,02/19/2020 12:43:53
9988.47,10091.72,103.25,02/19/2020 12:44:58
9988.47,10094.26,105.79,02/19/2020 12:46:00
9988.47,10099.64,111.17,02/19/2020 12:47:02
9988.47,10101.21,112.74,02/19/2020 12:48:05
9988.47,10103.58,115.11,02/19/2020 12:49:08
9988.47,10106.75,118.28,02/19/2020 12:50:08
9988.47,10107.51,119.04,02/19/2020 12:51:09
9988.47,10112.35,123.88,02/19/2020 12:52:11
9988.47,10111.56,123.09,02/19/2020 12:53:21
9988.47,10111.9,123.43,02/19/2020 12:54:24
9988.47,10111.7,123.23,02/19/2020 12:55:31
9988.47,10109.69,121.22,02/19/2020 12:56:34
9988.47,10109.48,121.01,02/19/2020 12:57:37
9988.47,10106.97,118.5,02/19/2020 12:58:37
9988.47,10105.32,116.85,02/19/2020 12:59:40
9988.47,10104.05,115.58,02/19/2020 13:00:42
9988.47,10099.87,111.4,02/19/2020 13:01:43
9988.47,10100.66,112.19,02/19/2020 13:02:44
9988.47,10099.31,110.84,02/19/2020 13:03:46
9988.47,10100.45,111.98,02/19/2020 13:04:50
9988.47,10102.69,114.22,02/19/2020 13:05:54
9988.47,10104.66,116.19,02/19/2020 13:06:56
9988.47,10108.17,119.7,02/19/2020 13:07:55
9988.47,10108.3,119.83,02/19/2020 13:09:01
9988.47,10108.34,119.87,02/19/2020 13:10:00
9988.47,10107.07,118.6,02/19/2020 13:11:05
9988.47,10107.67,119.2,02/19/2020 13:12:09
9988.47,10106.85,118.38,02/19/2020 13:13:08
9988.47,10107.44,118.97,02/19/2020 13:14:18
9988.47,10109.12,120.65,02/19/2020 13:15:24
9988.47,10108.84,120.37,02/19/2020 13:16:33
9988.47,10117.38,128.91,02/19/2020 13:17:34
9988.47,10117.36,128.9,02/19/2020 13:18:38
9988.47,10118.14,129.68,02/19/2020 13:19:42
9988.47,10117.0,128.53,02/19/2020 13:20:44
9988.47,10117.69,129.23,02/19/2020 13:21:48
9988.47,10117.28,128.82,02/19/2020 13:22:52
9988.47,10115.4,126.94,02/19/2020 13:23:54
9988.47,10114.51,126.04,02/19/2020 13:25:08
9988.47,10116.9,128.43,02/19/2020 13:26:08
9988.47,10118.09,129.62,02/19/2020 13:27:13
9988.47,10120.02,131.55,02/19/2020 13:28:20
9988.47,10120.76,132.29,02/19/2020 13:29:21
9988.47,10121.42,132.95,02/19/2020 13:30:22
9988.47,10123.75,135.28,02/19/2020 13:31:41
9988.47,10123.73,135.26,02/19/2020 13:32:53
9988.47,10122.27,133.8,02/19/2020 13:34:02
9988.47,10119.5,131.03,02/19/2020 13:35:10
9988.47,10120.08,131.61,02/19/2020 13:36:14
9988.47,10120.06,131.59,02/19/2020 13:37:17
9988.47,10120.58,132.11,02/19/2020 13:38:17
9988.47,10119.99,131.52,02/19/2020 13:39:23
9988.47,10117.59,129.12,02/19/2020 13:40:28
9988.47,10118.38,129.91,02/19/2020 13:41:30
9988.47,10120.14,131.67,02/19/2020 13:42:34
9988.47,10116.57,128.1,02/19/2020 13:43:42
9988.47,10117.91,129.44,02/19/2020 13:44:44
9988.47,10119.51,131.04,02/19/2020 13:45:50
9988.47,10119.46,130.99,02/19/2020 13:46:55
9988.47,10121.69,133.22,02/19/2020 13:47:58
9988.47,10123.67,135.2,02/19/2020 13:48:58
9988.47,10123.62,135.15,02/19/2020 13:50:03
9988.47,10121.53,133.06,02/19/2020 13:51:08
9988.47,10118.89,130.42,02/19/2020 13:52:13
9988.47,10116.09,127.62,02/19/2020 13:53:19
9988.47,10115.0,126.53,02/19/2020 13:54:28
9988.47,10114.73,126.26,02/19/2020 13:55:26
9988.47,10114.75,126.28,02/19/2020 13:56:24
9988.47,10114.22,125.75,02/19/2020 13:57:28
9988.47,10113.77,125.31,02/19/2020 13:58:28
9988.47,10109.25,120.79,02/19/2020 13:59:31
9988.47,10106.71,118.24,02/19/2020 14:01:17
9988.47,10109.22,120.75,02/19/2020 14:02:20
9988.47,10110.18,121.71,02/19/2020 14:03:24
9988.47,10110.86,122.39,02/19/2020 14:04:23
9988.47,10111.36,122.89,02/19/2020 14:05:31
9988.47,10114.12,125.66,02/19/2020 14:06:39
9988.47,10115.39,126.93,02/19/2020 14:07:45
9988.47,10117.77,129.31,02/19/2020 14:08:45
9988.47,10118.69,130.22,02/19/2020 14:09:54
9988.47,10117.47,129.0,02/19/2020 14:10:57
9988.47,10116.61,128.14,02/19/2020 14:12:05
9988.47,10116.98,128.51,02/19/2020 14:13:21
9988.47,10115.6,127.13,02/19/2020 14:14:28
9988.47,10116.21,127.74,02/19/2020 14:15:38
9988.47,10116.19,127.72,02/19/2020 14:16:40
9988.47,10119.22,130.75,02/19/2020 14:17:40
9988.47,10117.97,129.5,02/19/2020 14:18:49
9988.47,10116.05,127.58,02/19/2020 14:19:55
9988.47,10113.71,125.24,02/19/2020 14:20:59
9988.47,10113.06,124.59,02/19/2020 14:22:01
9988.47,10111.52,123.05,02/19/2020 14:23:06
9988.47,10108.98,120.51,02/19/2020 14:24:09
9988.47,10109.36,120.89,02/19/2020 14:25:14
9988.47,10109.83,121.36,02/19/2020 14:26:18
9988.47,10112.23,123.76,02/19/2020 14:27:21
9988.47,10111.71,123.24,02/19/2020 14:28:21
9988.47,10114.26,125.79,02/19/2020 14:29:27
9988.47,10114.63,126.16,02/19/2020 14:30:29
9988.47,10117.32,128.85,02/19/2020 14:31:33
9988.47,10118.28,129.81,02/19/2020 14:32:34
9988.47,10116.31,127.84,02/19/2020 14:33:45
9988.47,10114.62,126.15,02/19/2020 14:34:48
9988.47,10114.12,125.65,02/19/2020 14:35:48
9988.47,10112.32,123.85,02/19/2020 14:36:56
9988.47,10112.73,124.26,02/19/2020 14:37:59
9988.47,10113.88,125.41,02/19/2020 14:39:01
9988.47,10111.29,122.82,02/19/2020 14:40:01
9988.47,10110.12,121.66,02/19/2020 14:41:10
9988.47,10110.5,122.03,02/19/2020 14:42:11
9988.47,10112.62,124.15,02/19/2020 14:43:10
9988.47,10110.63,122.16,02/19/2020 14:44:14
9988.47,10110.0,121.53,02/19/2020 14:45:16
9988.47,10112.12,123.65,02/19/2020 14:46:21
9988.47,10115.15,126.68,02/19/2020 14:47:27
9988.47,10113.34,124.87,02/19/2020 14:48:32
9988.47,10114.41,125.94,02/19/2020 14:49:41
9988.47,10116.18,127.71,02/19/2020 14:50:51
9988.47,10117.11,128.64,02/19/2020 14:51:52
9988.47,10117.49,129.02,02/19/2020 14:52:59
9988.47,10117.02,128.55,02/19/2020 14:54:05
9988.47,10115.46,126.99,02/19/2020 14:55:12
9988.47,10114.82,126.35,02/19/2020 14:56:22
9988.47,10105.77,117.3,02/19/2020 14:57:24
9988.47,10105.31,116.84,02/19/2020 14:58:29
9988.47,10109.61,121.15,02/19/2020 14:59:31
9988.47,10108.32,119.86,02/19/2020 15:00:34
9988.47,10107.32,118.85,02/19/2020 15:01:36
9988.47,10108.17,119.7,02/19/2020 15:02:39
9988.47,10107.29,118.82,02/19/2020 15:03:47
9988.47,10107.18,118.71,02/19/2020 15:04:48
9988.47,10106.42,117.95,02/19/2020 15:05:47
9988.47,10106.09,117.62,02/19/2020 15:06:59
9988.47,10098.38,109.91,02/19/2020 15:07:58
9988.47,10097.46,108.99,02/19/2020 15:09:03
9988.47,10090.1,101.64,02/19/2020 15:10:07
9988.47,10086.42,97.96,02/19/2020 15:11:08
9988.47,10086.66,98.2,02/19/2020 15:12:10
9988.47,10091.36,102.89,02/19/2020 15:13:12
9988.47,10091.24,102.77,02/19/2020 15:14:19
9988.47,10090.5,102.04,02/19/2020 15:15:17
9988.47,10091.55,103.08,02/19/2020 15:16:20
9988.47,10093.81,105.34,02/19/2020 15:17:20
9988.47,10094.39,105.92,02/19/2020 15:18:24
9988.47,10093.02,104.56,02/19/2020 15:19:32
9988.47,10097.09,108.63,02/19/2020 15:20:35
9988.47,10096.3,107.84,02/19/2020 15:21:36
9988.47,10092.5,104.04,02/19/2020 15:22:50
9988.47,10091.64,103.18,02/19/2020 15:23:49
9988.47,10091.43,102.96,02/19/2020 15:24:54
9988.47,10090.63,102.16,02/19/2020 15:25:55
9988.47,10091.15,102.68,02/19/2020 15:26:51
9988.47,10090.89,102.42,02/19/2020 15:28:01
9988.47,10089.12,100.66,02/19/2020 15:28:56
9988.47,10088.76,100.3,02/19/2020 15:29:56
9988.47,10089.87,101.4,02/19/2020 15:31:03
9988.47,10088.21,99.74,02/19/2020 15:32:14
9988.47,10087.58,99.12,02/19/2020 15:33:22
9988.47,10085.48,97.01,02/19/2020 15:34:27
9988.47,10082.04,93.57,02/19/2020 15:35:25
9988.47,10081.51,93.04,02/19/2020 15:36:27
9988.47,10076.98,88.52,02/19/2020 15:37:31
9988.47,10082.57,94.1,02/19/2020 15:38:38
9988.47,10085.23,96.76,02/19/2020 15:41:07
9988.47,10087.18,98.71,02/19/2020 15:42:15
10002.12,10075.97,73.85,02/19/2020 15:43:30
10002.12,10076.63,74.51,02/19/2020 15:44:49
10027.0,10077.9,50.9,02/19/2020 15:45:52
10027.17,10074.86,47.69,02/19/2020 15:46:58
10027.17,10079.33,52.16,02/19/2020 15:47:59
10027.54,10081.55,54.01,02/19/2020 15:49:05
10027.93,10079.02,51.1,02/19/2020 15:50:11
10027.93,10077.08,49.16,02/19/2020 15:51:11
10027.93,10076.06,48.13,02/19/2020 15:52:19
10027.5,10071.2,43.7,02/19/2020 15:53:21
10027.5,10072.67,45.17,02/19/2020 15:54:26
10027.6,10076.87,49.27,02/19/2020 15:55:29
10331.28,10372.83,41.55,02/20/2020 09:46:46
10331.28,10372.6,41.33,02/20/2020 09:47:40
10321.84,10373.05,51.21,02/20/2020 09:48:38
10321.84,10368.46,46.62,02/20/2020 09:49:42
10321.84,10381.42,59.58,02/20/2020 09:50:47
10625.96,10683.76,57.8,02/20/2020 09:51:55
10625.96,10687.89,61.93,02/20/2020 09:53:04
10625.96,10687.75,61.78,02/20/2020 09:54:10
10625.96,10686.56,60.6,02/20/2020 09:55:19
10625.96,10692.64,66.68,02/20/2020 09:56:28
10625.96,10698.55,72.59,02/20/2020 09:57:34
10625.96,10699.77,73.81,02/20/2020 09:58:33
10625.96,10699.99,74.03,02/20/2020 09:59:27
10625.96,10714.03,88.07,02/20/2020 10:00:32
10625.96,10712.92,86.96,02/20/2020 10:01:39
10625.96,10712.16,86.2,02/20/2020 10:02:41
10625.96,10709.03,83.06,02/20/2020 10:04:03
10625.96,10714.24,88.28,02/20/2020 10:05:01
10625.96,10713.41,87.45,02/20/2020 10:06:16
10625.96,10725.32,99.35,02/20/2020 10:07:16
10625.96,10725.24,99.28,02/20/2020 10:08:25
10625.96,10721.17,95.21,02/20/2020 10:09:32
10625.96,10719.03,93.07,02/20/2020 10:10:30
10625.96,10719.46,93.5,02/20/2020 10:11:36
10625.96,10728.19,102.23,02/20/2020 10:12:35
10625.96,10727.95,101.99,02/20/2020 10:13:42
10625.96,10727.8,101.83,02/20/2020 10:14:59
10625.96,10730.84,104.88,02/20/2020 10:16:21
10625.96,10731.05,105.08,02/20/2020 10:18:24
10625.96,10731.55,105.59,02/20/2020 10:19:38
10625.96,10733.23,107.27,02/20/2020 10:20:38
10625.96,10731.52,105.56,02/20/2020 10:22:01
10625.96,10728.23,102.27,02/20/2020 10:23:14
10625.96,10723.41,97.45,02/20/2020 10:24:28
10625.96,10714.93,88.97,02/20/2020 10:25:31
10625.96,10711.48,85.52,02/20/2020 10:26:32
10625.96,10713.02,87.06,02/20/2020 10:27:38
10625.96,10714.72,88.76,02/20/2020 10:28:43
10625.96,10717.47,91.51,02/20/2020 10:29:49
10625.96,10721.53,95.57,02/20/2020 10:30:59
10625.96,10717.86,91.9,02/20/2020 10:32:10
10625.96,10720.16,94.2,02/20/2020 10:33:27
10625.96,10721.17,95.21,02/20/2020 10:34:33
10625.96,10721.27,95.31,02/20/2020 10:35:48
10625.96,10721.3,95.34,02/20/2020 10:36:57
10625.96,10725.76,99.8,02/20/2020 10:37:59
10625.96,10726.39,100.43,02/20/2020 10:39:05
10625.96,10725.74,99.78,02/20/2020 10:40:16
10625.96,10727.26,101.3,02/20/2020 10:41:29
10625.96,10732.19,106.23,02/20/2020 10:42:38
10625.96,10739.82,113.86,02/20/2020 10:43:43
10625.96,10739.38,113.42,02/20/2020 10:44:49
10625.96,10740.35,114.39,02/20/2020 10:46:04
10625.96,10740.7,114.74,02/20/2020 10:47:08
10625.96,10738.07,112.11,02/20/2020 10:48:15
10625.96,10734.43,108.47,02/20/2020 10:49:24
10625.96,10730.68,104.72,02/20/2020 10:50:37
10625.96,10724.06,98.1,02/20/2020 10:51:52
10625.96,10725.12,99.16,02/20/2020 10:52:57
10625.96,10721.99,96.03,02/20/2020 10:54:06
10625.96,10724.3,98.34,02/20/2020 10:55:14
10625.96,10719.54,93.58,02/20/2020 10:56:27
10625.96,10718.97,93.01,02/20/2020 10:57:37
10625.96,10719.26,93.3,02/20/2020 10:58:40
10625.96,10715.3,89.34,02/20/2020 10:59:57
10625.96,10708.02,82.06,02/20/2020 11:01:08
10625.96,10699.7,73.74,02/20/2020 11:02:23
10625.96,10697.04,71.08,02/20/2020 11:03:30
10625.96,10699.19,73.23,02/20/2020 11:04:38
10625.96,10696.55,70.59,02/20/2020 11:05:43
10625.96,10694.9,68.94,02/20/2020 11:06:54
10625.96,10690.61,64.65,02/20/2020 11:08:01
10625.96,10690.17,64.21,02/20/2020 11:09:01
10625.96,10688.33,62.37,02/20/2020 11:10:07
10625.96,10680.01,54.05,02/20/2020 11:11:22
10625.96,10670.15,44.19,02/20/2020 11:12:36
10625.96,10650.68,24.72,02/20/2020 11:13:49
10625.96,10646.6,20.63,02/20/2020 11:14:58
10625.96,10629.07,3.11,02/20/2020 11:16:01
10625.96,10620.77,-5.19,02/20/2020 11:17:05
10601.71,10499.44,-102.27,02/20/2020 11:17:28
10614.21,10595.28,-18.93,02/20/2020 11:18:47
10612.34,10612.26,-0.08,02/20/2020 11:19:02
10646.89,10616.46,-30.43,02/20/2020 11:19:57
10644.83,10613.03,-31.8,02/20/2020 11:21:46
10598.35,10611.77,13.42,02/20/2020 11:22:35
10626.99,10617.37,-9.62,02/20/2020 11:23:49
10626.99,10617.77,-9.22,02/20/2020 11:24:51
10616.37,10585.56,-30.81,02/20/2020 11:25:50
10616.37,10569.9,-46.47,02/20/2020 11:27:00
10616.37,10553.71,-62.66,02/20/2020 11:27:59
10616.37,10551.65,-64.72,02/20/2020 11:29:06
10616.37,10547.67,-68.7,02/20/2020 11:30:08
10616.37,10517.33,-99.04,02/20/2020 11:31:11
10616.37,10486.23,-130.14,02/20/2020 11:32:18
10616.37,10442.53,-173.84,02/20/2020 11:33:23
10616.37,10426.13,-190.24,02/20/2020 11:34:23
10616.37,10418.11,-198.26,02/20/2020 11:35:27
10616.37,10398.09,-218.28,02/20/2020 11:36:30
10616.37,10418.98,-197.4,02/20/2020 11:37:24
10616.37,10426.29,-190.09,02/20/2020 11:38:26
10616.37,10448.46,-167.91,02/20/2020 11:39:24
10616.37,10455.48,-160.89,02/20/2020 11:40:26
10616.37,10480.42,-135.95,02/20/2020 11:41:28
10616.37,10484.85,-131.52,02/20/2020 11:42:30
10616.37,10488.66,-127.71,02/20/2020 11:43:34
10616.37,10502.72,-113.65,02/20/2020 11:44:37
10616.37,10497.2,-119.17,02/20/2020 11:45:36
10616.37,10483.76,-132.61,02/20/2020 11:46:39
10570.29,10466.05,-104.24,02/20/2020 11:50:46
10571.78,10485.44,-86.34,02/20/2020 11:53:06
10569.27,10470.47,-98.8,02/20/2020 11:54:34
10566.57,10509.22,-57.35,02/20/2020 11:55:58
10578.22,10517.62,-60.6,02/20/2020 11:56:59
10578.22,10514.01,-64.21,02/20/2020 11:57:59
10578.22,10514.41,-63.81,02/20/2020 11:59:04
10550.46,10502.97,-47.49,02/20/2020 12:01:45
10525.86,10514.95,-10.91,02/20/2020 12:03:25
10526.86,10497.79,-29.07,02/20/2020 12:04:25
10526.86,10494.35,-32.51,02/20/2020 12:05:30
10527.62,10503.17,-24.45,02/20/2020 12:06:34
10527.62,10511.78,-15.84,02/20/2020 12:07:43
10527.62,10506.29,-21.33,02/20/2020 12:08:46
10527.62,10505.2,-22.42,02/20/2020 12:09:45
10527.62,10505.2,-22.42,02/20/2020 12:17:51
10527.62,10505.2,-22.42,02/20/2020 12:19:19
10527.62,10521.44,-6.18,02/20/2020 12:22:13
10527.62,10518.45,-9.17,02/20/2020 12:23:59
10525.14,10508.0,-17.14,02/20/2020 12:24:58
10516.87,10515.59,-1.28,02/20/2020 12:26:03
10516.87,10507.99,-8.88,02/20/2020 12:27:07
10516.87,10506.16,-10.71,02/20/2020 12:28:09
10516.87,10505.73,-11.14,02/20/2020 12:29:08
10516.87,10503.72,-13.16,02/20/2020 12:30:15
10516.87,10516.41,-0.47,02/20/2020 12:32:23
10516.87,10513.46,-3.42,02/20/2020 12:33:26
10516.87,10516.34,-0.53,02/20/2020 12:34:34
10516.85,10517.87,1.01,02/20/2020 12:35:48
10516.85,10519.77,2.92,02/20/2020 12:36:52
10498.08,10503.35,5.27,02/20/2020 12:38:05
10497.94,10521.95,24.01,02/20/2020 12:39:17
10497.94,10519.47,21.53,02/20/2020 12:40:17
10497.94,10518.12,20.18,02/20/2020 12:41:18
10497.94,10517.84,19.9,02/20/2020 12:42:23
10497.94,10518.85,20.91,02/20/2020 12:43:26
10497.94,10524.34,26.4,02/20/2020 12:44:26
10497.94,10516.2,18.26,02/20/2020 12:45:37
10497.94,10510.28,12.34,02/20/2020 12:46:41
10497.94,10509.94,12.0,02/20/2020 12:47:47
10497.94,10527.63,29.69,02/20/2020 12:48:46
10497.94,10529.08,31.14,02/20/2020 12:49:51
10497.94,10525.63,27.69,02/20/2020 12:50:51
10497.94,10516.6,18.66,02/20/2020 12:51:55
10497.94,10518.89,20.95,02/20/2020 12:52:56
10497.94,10522.63,24.69,02/20/2020 12:54:03
10497.94,10532.47,34.53,02/20/2020 12:55:13
10497.94,10537.43,39.48,02/20/2020 12:56:19
10497.94,10545.15,47.2,02/20/2020 12:57:21
10497.94,10552.65,54.71,02/20/2020 12:58:29
10497.94,10552.77,54.83,02/20/2020 12:59:35
10497.94,10562.1,64.16,02/20/2020 13:00:38
10497.94,10563.58,65.63,02/20/2020 13:01:45
10497.94,10566.97,69.03,02/20/2020 13:02:49
10497.94,10562.99,65.05,02/20/2020 13:03:53
10497.94,10565.43,67.49,02/20/2020 13:04:59
10510.39,10565.46,55.07,02/20/2020 13:06:02
10508.81,10559.58,50.77,02/20/2020 13:07:07
10838.67,10907.68,69.01,02/20/2020 13:08:09
10838.67,10917.25,78.59,02/20/2020 13:09:16
10838.67,10922.69,84.02,02/20/2020 13:10:18
10838.67,10923.69,85.03,02/20/2020 13:11:19
10838.67,10930.88,92.21,02/20/2020 13:12:25
10838.67,10935.92,97.25,02/20/2020 13:13:29
10838.67,10940.32,101.65,02/20/2020 13:14:34
10838.67,10936.25,97.59,02/20/2020 13:15:39
10838.98,10940.53,101.55,02/20/2020 13:16:42
10845.56,10940.11,94.55,02/20/2020 13:17:42
10845.56,10938.91,93.35,02/20/2020 13:18:44
10845.56,10936.68,91.13,02/20/2020 13:19:48
10845.56,10931.21,85.65,02/20/2020 13:20:50
10845.56,10928.63,83.07,02/20/2020 13:21:54
10845.56,10922.0,76.44,02/20/2020 13:22:57
10845.56,10922.46,76.9,02/20/2020 13:23:58
10845.56,10921.94,76.39,02/20/2020 13:25:05
10845.56,10923.04,77.48,02/20/2020 13:26:07
10845.87,10923.33,77.46,02/20/2020 13:27:10
10845.87,10924.07,78.2,02/20/2020 13:28:13
10845.87,10929.42,83.55,02/20/2020 13:29:17
10845.87,10930.87,85.0,02/20/2020 13:30:22
10845.87,10930.64,84.77,02/20/2020 13:31:25
10845.87,10929.31,83.44,02/20/2020 13:32:27
10845.87,10926.05,80.19,02/20/2020 13:33:31
11154.39,11240.62,86.23,02/20/2020 13:34:38
11154.39,11242.29,87.91,02/20/2020 13:35:40
11154.39,11243.06,88.68,02/20/2020 13:36:43
11154.39,11236.85,82.46,02/20/2020 13:37:49
11155.15,11219.57,64.43,02/20/2020 13:39:02
11186.37,11211.06,24.69,02/20/2020 13:40:05
11186.37,11212.45,26.08,02/20/2020 13:41:08
11186.37,11210.34,23.97,02/20/2020 13:42:15
11186.92,11220.16,33.24,02/20/2020 13:43:24
11184.21,11211.53,27.32,02/20/2020 13:44:29
11184.21,11210.78,26.57,02/20/2020 13:45:33
11184.21,11207.66,23.45,02/20/2020 13:46:40
11184.21,11209.02,24.81,02/20/2020 13:47:50
11184.21,11213.77,29.56,02/20/2020 13:48:55
11184.21,11213.95,29.74,02/20/2020 13:49:58
11184.21,11217.74,33.53,02/20/2020 13:51:01
11184.21,11218.44,34.23,02/20/2020 13:52:08
11184.21,11218.47,34.26,02/20/2020 13:53:10
11184.21,11221.01,36.81,02/20/2020 13:54:13
11184.21,11221.46,37.25,02/20/2020 13:55:17
11184.21,11222.97,38.77,02/20/2020 13:56:21
11184.21,11220.02,35.81,02/20/2020 13:57:28
11184.21,11218.17,33.96,02/20/2020 13:58:33
11184.21,11221.39,37.18,02/20/2020 13:59:38
11184.21,11219.55,35.34,02/20/2020 14:00:42
11184.21,11223.9,39.69,02/20/2020 14:01:47
11184.21,11228.44,44.23,02/20/2020 14:02:55
11184.21,11229.22,45.01,02/20/2020 14:03:59
11184.41,11233.12,48.71,02/20/2020 14:05:03
11184.41,11236.24,51.83,02/20/2020 14:06:10
11184.41,11253.36,68.95,02/20/2020 15:20:17
11184.41,11253.9,69.49,02/20/2020 15:21:08
11184.41,11259.73,75.33,02/20/2020 15:21:59
11184.41,11261.61,77.2,02/20/2020 15:22:52
11184.41,11261.29,76.88,02/20/2020 15:23:46
11184.41,11262.94,78.53,02/20/2020 15:24:46
11184.82,11272.83,88.01,02/20/2020 15:25:43
11184.82,11274.24,89.42,02/20/2020 15:26:45
11184.82,11273.28,88.46,02/20/2020 15:27:46
11184.12,11240.52,56.4,02/21/2020 09:36:50
11184.12,11232.0,47.88,02/21/2020 09:37:48
11184.12,11227.04,42.92,02/21/2020 09:38:55
11184.12,11195.96,11.84,02/21/2020 09:39:56
11195.8,11173.5,-22.3,02/21/2020 09:41:06
11195.8,11164.33,-31.47,02/21/2020 09:42:11
11195.8,11137.91,-57.89,02/21/2020 09:43:14
11353.37,11292.01,-61.36,02/21/2020 09:44:15
11353.37,11284.26,-69.11,02/21/2020 09:45:22
11351.47,11280.46,-71.01,02/21/2020 09:46:29
11358.26,11261.99,-96.27,02/21/2020 09:47:39
11333.0,11247.25,-85.75,02/21/2020 09:48:41
11326.09,11248.87,-77.22,02/21/2020 09:49:40
11326.09,11246.11,-79.98,02/21/2020 09:50:45
11326.09,11245.3,-80.79,02/21/2020 09:51:50
11326.09,11252.59,-73.5,02/21/2020 09:53:04
11324.4,11257.29,-67.11,02/21/2020 09:54:20
11619.99,11550.38,-69.61,02/21/2020 09:55:34
11619.99,11553.28,-66.71,02/21/2020 09:56:49
11619.99,11551.28,-68.71,02/21/2020 09:58:15
11619.58,11552.16,-67.42,02/21/2020 09:59:29
11616.82,11561.44,-55.38,02/21/2020 10:00:33
11614.64,11554.98,-59.67,02/21/2020 10:01:46
11612.19,11559.6,-52.6,02/21/2020 10:02:47
11612.19,11555.89,-56.31,02/21/2020 10:03:49
11612.19,11544.38,-67.82,02/21/2020 10:04:57
11612.19,11536.52,-75.68,02/21/2020 10:06:01
11607.4,11528.49,-78.91,02/21/2020 10:07:01
11607.4,11533.48,-73.93,02/21/2020 10:08:04
11607.4,11538.84,-68.57,02/21/2020 10:09:12
11607.4,11547.28,-60.12,02/21/2020 10:10:11
11607.4,11547.01,-60.39,02/21/2020 10:11:16
11607.4,11548.35,-59.06,02/21/2020 10:12:21
11607.4,11555.05,-52.35,02/21/2020 10:13:26
11607.4,11553.71,-53.69,02/21/2020 10:14:28
11607.4,11545.61,-61.79,02/21/2020 10:15:34
11607.4,11543.5,-63.9,02/21/2020 10:16:33
11607.4,11544.28,-63.12,02/21/2020 10:17:48
11607.4,11545.06,-62.34,02/21/2020 10:18:51
11607.4,11540.11,-67.29,02/21/2020 10:19:53
11607.4,11547.97,-59.43,02/21/2020 10:20:50
11607.4,11550.86,-56.54,02/21/2020 10:21:44
11607.4,11556.67,-50.73,02/21/2020 10:22:36
11607.4,11562.77,-44.63,02/21/2020 10:23:31
11607.4,11569.86,-37.54,02/21/2020 10:24:23
11607.4,11573.84,-33.56,02/21/2020 10:25:21
11607.4,11572.95,-34.46,02/21/2020 10:26:14
11607.4,11568.99,-38.42,02/21/2020 10:27:12
11607.4,11564.28,-43.12,02/21/2020 10:28:14
11607.4,11567.19,-40.21,02/21/2020 10:29:12
11607.4,11566.77,-40.63,02/21/2020 10:30:12
11607.4,11560.35,-47.06,02/21/2020 10:31:08
11607.4,11560.98,-46.43,02/21/2020 10:32:07
11607.4,11562.14,-45.27,02/21/2020 10:32:58
11607.4,11561.25,-46.16,02/21/2020 10:34:02
11607.4,11558.16,-49.25,02/21/2020 10:34:56
11607.4,11558.05,-49.36,02/21/2020 10:35:51
11607.4,11544.49,-62.91,02/21/2020 10:36:47
11607.4,11538.66,-68.74,02/21/2020 10:37:46
12242.61,12180.14,-62.47,02/21/2020 10:38:45
12883.18,12816.97,-66.21,02/21/2020 10:39:45
12883.18,12811.42,-71.76,02/21/2020 10:40:45
13170.13,13106.46,-63.67,02/21/2020 10:41:48
13170.13,13101.61,-68.52,02/21/2020 10:42:42
13170.13,13100.35,-69.78,02/21/2020 10:43:42
13170.13,13101.31,-68.82,02/21/2020 10:44:41
13170.13,13101.55,-68.58,02/21/2020 10:45:42
13170.13,13094.29,-75.84,02/21/2020 10:46:41
13170.13,13092.89,-77.24,02/21/2020 10:47:44
13170.13,13091.72,-78.4,02/21/2020 10:48:38
13170.13,13092.39,-77.73,02/21/2020 10:49:37
13170.13,13102.87,-67.25,02/21/2020 10:50:36
13170.13,13102.81,-67.32,02/21/2020 10:51:35
13170.13,13105.32,-64.81,02/21/2020 10:52:40
13170.13,13112.61,-57.51,02/21/2020 10:53:43
13170.13,13114.5,-55.62,02/21/2020 10:54:39
13170.13,13112.91,-57.22,02/21/2020 10:55:32
13170.13,13111.04,-59.09,02/21/2020 10:56:27
13170.13,13113.69,-56.43,02/21/2020 10:57:26
13170.13,13111.17,-58.95,02/21/2020 10:58:26
13170.13,13110.84,-59.29,02/21/2020 10:59:28
13170.13,13110.38,-59.75,02/21/2020 11:00:36
13125.26,13111.05,-14.21,02/21/2020 11:01:42
13125.26,13106.73,-18.53,02/21/2020 11:02:55
13126.86,13110.0,-16.86,02/21/2020 11:04:06
13126.86,13109.65,-17.21,02/21/2020 11:05:13
13117.62,13115.64,-1.98,02/21/2020 11:06:12
13115.22,13110.61,-4.6,02/21/2020 11:07:23
13115.22,13113.38,-1.84,02/21/2020 11:08:27
13115.22,13112.31,-2.91,02/21/2020 11:09:29
13113.67,13105.01,-8.65,02/21/2020 11:10:29
13113.67,13105.34,-8.33,02/21/2020 11:11:33
13113.67,13103.47,-10.2,02/21/2020 11:12:35
13113.67,13105.98,-7.69,02/21/2020 11:13:36
13113.67,13108.75,-4.92,02/21/2020 11:14:34
13113.67,13111.42,-2.25,02/21/2020 11:15:36
13113.67,13115.36,1.69,02/21/2020 11:16:38
13113.67,13119.91,6.24,02/21/2020 11:17:40
13113.67,13120.69,7.03,02/21/2020 11:18:47
13113.67,13113.22,-0.45,02/21/2020 11:19:52
13113.57,13123.48,9.92,02/21/2020 11:20:57
13112.45,13123.48,11.04,02/21/2020 11:21:57
13112.45,13126.68,14.23,02/21/2020 11:23:02
13112.45,13134.9,22.45,02/21/2020 11:24:07
13115.25,13132.8,17.55,02/21/2020 11:25:08
13115.25,13134.55,19.3,02/21/2020 11:26:12
13115.25,13134.26,19.01,02/21/2020 11:27:17
13115.25,13136.62,21.37,02/21/2020 11:28:18
13115.25,13137.56,22.31,02/21/2020 11:29:21
13115.25,13144.58,29.33,02/21/2020 11:30:21
13115.25,13142.95,27.7,02/21/2020 11:31:25
13115.25,13155.37,40.12,02/21/2020 11:32:25
13115.25,13156.0,40.75,02/21/2020 11:33:28
13115.25,13157.6,42.35,02/21/2020 11:34:31
13115.25,13163.19,47.94,02/21/2020 11:35:31
13115.25,13170.12,54.87,02/21/2020 11:36:36
13115.25,13166.68,51.43,02/21/2020 11:37:34
13115.25,13167.86,52.61,02/21/2020 11:38:48
13115.25,13168.6,53.35,02/21/2020 11:39:53
13115.25,13170.55,55.3,02/21/2020 11:40:58
13115.25,13171.26,56.01,02/21/2020 11:41:58
13115.2,13154.23,39.03,02/21/2020 11:42:56
13151.29,13206.13,54.84,02/21/2020 11:43:59
13151.29,13205.17,53.88,02/21/2020 11:45:01
13151.29,13210.93,59.64,02/21/2020 11:46:08
13150.74,13203.2,52.46,02/21/2020 11:47:11
13153.5,13219.69,66.19,02/21/2020 11:48:19
13153.5,13215.65,62.15,02/21/2020 11:49:22
13153.5,13220.11,66.61,02/21/2020 11:50:27
13153.5,13217.34,63.84,02/21/2020 11:51:32
13153.5,13229.6,76.1,02/21/2020 11:52:31
13154.12,13229.66,75.54,02/21/2020 11:53:37
13154.12,13232.24,78.12,02/21/2020 11:54:50
13154.12,13240.37,86.25,02/21/2020 11:55:58
13154.12,13241.55,87.43,02/21/2020 11:56:58
13154.12,13240.45,86.33,02/21/2020 11:58:08
13154.12,13242.54,88.42,02/21/2020 11:59:11
13154.12,13239.26,85.14,02/21/2020 12:00:10
13154.12,13240.94,86.82,02/21/2020 12:01:10
13446.15,13524.92,78.77,02/21/2020 12:02:09
13448.33,13530.1,81.78,02/21/2020 12:03:12
13448.33,13530.45,82.12,02/21/2020 12:04:13
13448.33,13533.38,85.05,02/21/2020 12:05:15
13448.33,13537.09,88.76,02/21/2020 12:06:22
13448.33,13539.42,91.09,02/21/2020 12:07:22
13448.33,13540.85,92.52,02/21/2020 12:08:22
13448.33,13538.86,90.53,02/21/2020 12:09:22
13448.33,13535.67,87.34,02/21/2020 12:10:27
13448.33,13535.67,87.34,02/24/2020 09:06:45
13457.14,13535.84,78.7,02/24/2020 09:06:54
13448.15,13535.67,87.51,02/24/2020 09:08:08
13456.97,13535.84,78.87,02/24/2020 09:08:16
13447.98,13535.67,87.69,02/24/2020 09:18:19
13456.79,13535.84,79.05,02/24/2020 09:18:21
13447.8,13086.58,-361.22,02/24/2020 09:35:47
13447.6,13091.5,-356.1,02/24/2020 09:36:44
13447.6,13090.02,-357.58,02/24/2020 09:37:38
13447.6,13108.33,-339.27,02/24/2020 09:38:39
13447.6,13121.12,-326.48,02/24/2020 09:39:50
13446.64,13133.43,-313.21,02/24/2020 09:41:02
13446.64,13127.94,-318.71,02/24/2020 09:42:09
13444.45,13122.11,-322.34,02/24/2020 09:43:14
13444.45,13112.5,-331.96,02/24/2020 09:44:21
13444.09,13136.62,-307.48,02/24/2020 09:45:25
13444.09,13144.91,-299.18,02/24/2020 09:46:33
13444.09,13138.3,-305.79,02/24/2020 09:47:39
13443.83,13141.44,-302.39,02/24/2020 09:48:41
13443.83,13135.47,-308.36,02/24/2020 09:49:42
13446.34,13151.57,-294.77,02/24/2020 09:50:40
13446.34,13144.45,-301.89,02/24/2020 09:51:46
13446.34,13148.08,-298.26,02/24/2020 09:52:51
13446.34,13149.64,-296.7,02/24/2020 09:53:56
13446.34,13148.17,-298.17,02/24/2020 09:54:56
13446.34,13143.62,-302.72,02/24/2020 09:56:01
13443.16,13152.18,-290.98,02/24/2020 09:57:08
13443.16,13145.59,-297.56,02/24/2020 09:58:17
13438.1,13149.0,-289.1,02/24/2020 09:59:17
13438.1,13145.37,-292.73,02/24/2020 10:00:27
13438.1,13171.66,-266.44,02/24/2020 10:01:33
13438.1,13178.84,-259.25,02/24/2020 10:02:34
13438.1,13177.19,-260.9,02/24/2020 10:03:42
13438.1,13169.17,-268.92,02/24/2020 10:04:44
13447.49,13162.47,-285.02,02/24/2020 10:05:48
13447.49,13163.3,-284.19,02/24/2020 10:06:49
13447.49,13157.97,-289.52,02/24/2020 10:08:29
13434.3,13163.72,-270.58,02/24/2020 10:09:32
13436.68,13150.67,-286.0,02/24/2020 10:10:34
13396.43,13152.93,-243.49,02/24/2020 10:11:37
13396.43,13167.38,-229.05,02/24/2020 10:12:35
13395.42,13176.13,-219.29,02/24/2020 10:13:58
13395.42,13181.72,-213.69,02/24/2020 10:14:57
13395.42,13182.19,-213.22,02/24/2020 10:16:01
13395.42,13186.44,-208.98,02/24/2020 10:17:05
13395.42,13186.31,-209.11,02/24/2020 10:18:05
13395.42,13185.83,-209.59,02/24/2020 10:19:12
13395.42,13176.51,-218.91,02/24/2020 10:20:14
13395.42,13161.86,-233.56,02/24/2020 10:21:13
13395.42,13156.88,-238.54,02/24/2020 10:22:21
13377.79,13138.01,-239.78,02/24/2020 10:23:21
13419.28,13132.04,-287.24,02/24/2020 10:24:22
13417.15,13127.26,-289.89,02/24/2020 10:25:29
13412.29,13116.19,-296.1,02/24/2020 10:26:31
13646.61,13348.75,-297.86,02/24/2020 10:27:36
13643.89,13337.73,-306.16,02/24/2020 10:28:35
13643.89,13336.83,-307.06,02/24/2020 10:29:39
13643.89,13334.72,-309.17,02/24/2020 10:30:48
13641.25,13335.05,-306.2,02/24/2020 10:31:48
13637.76,13335.75,-302.01,02/24/2020 10:32:57
13637.76,13326.11,-311.65,02/24/2020 10:34:02
13633.46,13323.85,-309.61,02/24/2020 10:35:06
13633.46,13325.35,-308.12,02/24/2020 10:36:10
13633.46,13325.63,-307.83,02/24/2020 10:37:18
13623.75,13331.64,-292.11,02/24/2020 10:38:27
13623.75,13333.91,-289.84,02/24/2020 10:39:33
13623.75,13332.88,-290.87,02/24/2020 10:40:46
13623.75,13327.51,-296.24,02/24/2020 10:41:48
13623.75,13326.78,-296.97,02/24/2020 10:42:57
13623.75,13327.46,-296.29,02/24/2020 10:44:02
13623.08,13330.03,-293.05,02/24/2020 10:45:01
13623.08,13332.14,-290.95,02/24/2020 10:46:10
13623.08,13336.17,-286.91,02/24/2020 10:47:14
13623.08,13336.53,-286.55,02/24/2020 10:48:28
13623.08,13336.12,-286.96,02/24/2020 10:49:30
13623.08,13343.04,-280.04,02/24/2020 10:50:32
13623.08,13350.97,-272.12,02/24/2020 10:51:35
13623.08,13350.46,-272.62,02/24/2020 10:52:42
13623.08,13354.29,-268.79,02/24/2020 10:53:45
13623.16,13360.58,-262.58,02/24/2020 10:54:46
13617.68,13359.52,-258.16,02/24/2020 10:55:54
13617.68,13357.21,-260.47,02/24/2020 10:56:56
13617.68,13364.67,-253.01,02/24/2020 10:58:02
13616.93,13359.11,-257.82,02/24/2020 10:59:08
13616.93,13364.07,-252.87,02/24/2020 11:00:07
13616.93,13361.26,-255.67,02/24/2020 11:01:11
13616.93,13350.67,-266.26,02/24/2020 11:02:16
13616.93,13339.58,-277.36,02/24/2020 11:03:21
13595.02,13324.22,-270.8,02/24/2020 11:04:38
13593.01,13329.83,-263.18,02/24/2020 11:05:42
13591.25,13312.6,-278.65,02/24/2020 11:06:43
13591.25,13322.65,-268.6,02/24/2020 11:07:47
13587.99,13316.07,-271.92,02/24/2020 11:08:53
13587.99,13312.89,-275.1,02/24/2020 11:09:55
13585.16,13324.67,-260.48,02/24/2020 11:11:01
13585.16,13324.44,-260.72,02/24/2020 11:12:08
13585.16,13328.17,-256.99,02/24/2020 11:13:18
15579.06,15315.98,-263.08,02/24/2020 11:14:29
15518.11,15313.73,-204.38,02/24/2020 11:15:31
15518.11,15312.03,-206.08,02/24/2020 11:16:36
15518.11,15312.16,-205.95,02/24/2020 11:17:42
15518.11,15321.62,-196.49,02/24/2020 11:18:43
15519.08,15321.38,-197.7,02/24/2020 11:19:46
15519.08,15324.72,-194.36,02/24/2020 11:20:49
15518.36,15333.2,-185.16,02/24/2020 11:21:55
15518.36,15334.77,-183.59,02/24/2020 11:22:54
15518.36,15332.03,-186.34,02/24/2020 11:24:02
15518.36,15324.8,-193.56,02/24/2020 11:25:03
15518.36,15318.77,-199.59,02/24/2020 11:26:08
15517.74,15313.0,-204.74,02/24/2020 11:27:12
15502.57,15307.85,-194.72,02/24/2020 11:28:11
15502.57,15308.17,-194.4,02/24/2020 11:29:19
15502.57,15303.66,-198.91,02/24/2020 11:30:28
15502.57,15301.48,-201.09,02/24/2020 11:31:32
15502.57,15295.24,-207.33,02/24/2020 11:32:40
15502.16,15296.45,-205.71,02/24/2020 11:33:46
15502.16,15290.29,-211.87,02/24/2020 11:34:49
15502.16,15288.27,-213.89,02/24/2020 11:35:51
15496.92,15280.22,-216.7,02/24/2020 11:36:57
15490.6,15274.25,-216.35,02/24/2020 11:37:58
15490.6,15273.13,-217.47,02/24/2020 11:38:59
15485.3,15192.09,-293.21,02/24/2020 12:18:58
15485.3,15215.65,-269.65,02/24/2020 12:23:00
15485.3,15214.46,-270.84,02/24/2020 12:24:05
15485.3,15213.34,-271.96,02/24/2020 12:25:05
15482.35,15212.74,-269.61,02/24/2020 12:26:08
15482.35,15211.64,-270.71,02/24/2020 12:27:09
15482.35,15224.59,-257.76,02/24/2020 12:28:14
15482.35,15224.65,-257.71,02/24/2020 12:29:19
15482.35,15219.74,-262.61,02/24/2020 12:30:23
15482.54,15217.28,-265.27,02/24/2020 12:31:19
15482.54,15216.72,-265.83,02/24/2020 12:32:23
15482.54,15207.75,-274.79,02/24/2020 12:33:34
15482.54,15206.79,-275.76,02/24/2020 12:34:39
15478.99,15187.53,-291.47,02/24/2020 12:35:47
15478.99,15210.6,-268.39,02/24/2020 12:36:47
15478.99,15213.89,-265.11,02/24/2020 12:37:49
15478.99,15225.85,-253.15,02/24/2020 12:38:57
15478.99,15236.72,-242.27,02/24/2020 12:40:06
15478.99,15244.58,-234.41,02/24/2020 12:41:06
15479.22,15243.15,-236.07,02/24/2020 12:42:08
15479.22,15243.59,-235.63,02/24/2020 12:43:07
15479.22,15251.82,-227.4,02/24/2020 12:44:11
15479.22,15262.79,-216.43,02/24/2020 12:45:14
15479.22,15255.94,-223.28,02/24/2020 12:46:19
15472.58,15253.39,-219.19,02/24/2020 12:47:19
15472.58,15252.01,-220.57,02/24/2020 12:48:20
15472.58,15250.19,-222.39,02/24/2020 12:49:21
15472.55,15227.14,-245.41,02/24/2020 12:50:35
15472.55,15222.69,-249.86,02/24/2020 12:51:45
15463.58,15236.25,-227.33,02/24/2020 12:52:49
15463.58,15237.77,-225.81,02/24/2020 12:53:50
15463.58,15239.24,-224.34,02/24/2020 12:54:57
15445.25,15223.31,-221.94,02/24/2020 12:59:53
15445.25,15223.31,-221.94,02/24/2020 13:00:47
15445.25,15221.67,-223.58,02/24/2020 13:01:50
15445.25,15215.45,-229.8,02/24/2020 13:03:09
15427.33,15134.49,-292.84,02/24/2020 13:04:26
15406.48,15201.86,-204.62,02/24/2020 13:05:40
15434.49,15237.64,-196.86,02/24/2020 13:06:57
15435.67,15231.47,-204.21,02/24/2020 13:08:11
15435.67,15232.4,-203.27,02/24/2020 13:09:24
15427.61,15225.88,-201.72,02/24/2020 13:10:37
15421.82,15221.22,-200.59,02/24/2020 13:11:53
15421.82,15216.34,-205.48,02/24/2020 13:13:09
15413.16,15215.07,-198.09,02/24/2020 13:14:29
15408.51,15215.21,-193.3,02/24/2020 13:15:47
15404.91,15200.54,-204.36,02/24/2020 13:17:03
15405.07,15184.58,-220.49,02/24/2020 13:18:19
15404.09,15188.53,-215.55,02/24/2020 13:19:37
15402.51,15215.86,-186.64,02/24/2020 13:20:55
15404.43,15211.95,-192.47,02/24/2020 13:22:14
15404.43,15211.1,-193.33,02/24/2020 13:23:28
15402.4,15206.41,-195.98,02/24/2020 13:24:47
16066.15,15879.63,-186.52,02/24/2020 13:26:04
16066.51,15877.18,-189.33,02/24/2020 13:27:21
16066.51,15885.44,-181.07,02/24/2020 13:28:38
16066.51,15895.98,-170.53,02/24/2020 13:29:56
16066.51,15907.36,-159.14,02/24/2020 13:31:11
16066.51,15911.27,-155.24,02/24/2020 13:32:25
16066.51,15913.68,-152.83,02/24/2020 13:33:37
16066.51,15917.87,-148.64,02/24/2020 13:34:34
16066.51,15917.87,-148.64,02/24/2020 13:38:22
16065.49,15929.12,-136.36,02/24/2020 13:41:28
16065.49,15929.79,-135.7,02/24/2020 13:42:31
16065.49,15921.3,-144.19,02/24/2020 13:43:31
16065.49,15910.92,-154.57,02/24/2020 13:44:36
16065.35,15912.02,-153.33,02/24/2020 13:45:35
16065.35,15918.49,-146.86,02/24/2020 13:46:41
16065.35,15928.77,-136.57,02/24/2020 13:47:43
17472.23,17340.29,-131.94,02/24/2020 13:48:44
16063.05,15940.8,-122.26,02/24/2020 13:55:55
16224.45,16091.82,-132.63,02/24/2020 14:01:17
16220.0,16084.03,-135.97,02/24/2020 14:02:00
16165.81,16073.47,-92.33,02/24/2020 14:03:11
16165.81,16072.7,-93.1,02/24/2020 14:04:10
16165.81,16071.23,-94.57,02/24/2020 14:05:08
16165.81,16074.21,-91.59,02/24/2020 14:06:09
16165.81,16071.74,-94.06,02/24/2020 14:07:04
16165.81,16070.98,-94.82,02/24/2020 14:08:02
16165.81,16066.34,-99.46,02/24/2020 14:09:03
16165.81,16052.26,-113.55,02/24/2020 14:09:58
16165.81,16046.47,-119.33,02/24/2020 14:10:59
16165.81,16044.91,-120.89,02/24/2020 14:12:02
16165.81,16039.37,-126.43,02/24/2020 14:12:58
16165.81,16038.46,-127.35,02/24/2020 14:13:56
16165.81,16033.03,-132.78,02/24/2020 14:14:57
16165.81,16033.21,-132.59,02/24/2020 14:16:03
16165.81,16033.74,-132.07,02/24/2020 14:17:08
16165.81,16038.73,-127.07,02/24/2020 14:18:15
16433.56,16303.89,-129.66,02/24/2020 14:19:21
16433.33,16298.12,-135.21,02/24/2020 14:20:29
16433.33,16301.73,-131.6,02/24/2020 14:21:34
16433.33,16306.67,-126.66,02/24/2020 14:22:32
16433.33,16312.27,-121.06,02/24/2020 14:23:34
16433.33,16319.2,-114.13,02/24/2020 14:24:38
16433.33,16324.95,-108.38,02/24/2020 14:25:35
16433.33,16329.39,-103.94,02/24/2020 14:26:32
16433.33,16335.47,-97.86,02/24/2020 14:27:30
16433.33,16342.94,-90.39,02/24/2020 14:28:28
16433.33,16351.83,-81.5,02/24/2020 14:29:25
16723.1,16663.37,-59.73,02/24/2020 14:30:20
16723.1,16667.17,-55.92,02/24/2020 14:31:21
16723.1,16665.71,-57.38,02/24/2020 14:32:21
16723.1,16671.54,-51.55,02/24/2020 14:33:21
16723.1,16671.28,-51.81,02/24/2020 14:34:21
16723.1,16672.97,-50.12,02/24/2020 14:35:24
16723.38,16672.93,-50.45,02/24/2020 14:36:23
16723.38,16667.62,-55.75,02/24/2020 14:37:21
